Worksite ID,No. workers discovered,No. organizer convers.,Campaign length,No. workers signed,No. workers contacted,Convers. per worker variance,Percent black in ZIP,Percent Latino in ZIP,Percent male,Mean AGI in ZIP,Log(Mean AGI in ZIP),No. edges,Mean degree,Average clustering,Centrality mean,Centrality variance,"NDO (Eigen., Pearson)","NDO (Eigen., Spearman)","NDO (Degree, Pearson)","NDO (Degree, Spearman)",Mobilizing (Pearson),Mobilizing (Spearman),Campaign length (Quint. 1),Campaign length (Quint. 2),Campaign length (Quint. 3),Campaign length (Quint. 4),Campaign length (Quint. 5),Log(Workers signed per worker-week),Log(Workers signed per organizer convers.),Log(No. organizer convers.),Log(No. workers contacted),Log(No. workers discovered),Log(No. workers signed),Log(No. edges),Log(Mean degree),Log(Convers. per worker variance),Log(Centrality variance),Log(Centrality mean),Team ID,Team 1,Team 2,Team 4,Team 5,Team 6,Team 7,Team 10,Team 11,Team 12,Team 20,Team 21,Team 24
99,73,166,47.857142857142854,2,54,5.678363670482267,0.023,0.024,0.3684210526315789,38.42142857142857,3.6486153396639383,2,0.0273972602739726,0.0,0.00076103500761035,9.990756378446376e-06,-0.20755079273090238,-0.16574802893537993,-0.20755079273090243,-0.16574802893537993,0.4843717215713115,0.5267715023626695,1.0,0.0,0.0,0.0,0.0,-7.465532643358199,-4.418840607796598,5.111987788356544,3.9889840465642745,4.290459441148391,0.6931471805599453,0.6931471805599453,-3.597312260588446,1.7366631050455648,-11.513850254611743,-7.1808311990445555,11.0,0.0,0.0,0.0,0.0,0.0,0.0,0.0,1.0,0.0,0.0,0.0,0.0
189,52,104,201.28571428571428,8,42,3.576923076923077,0.809,0.052000000000000005,0.3541666666666667,52.98358286009293,3.969982108210665,5,0.09615384615384616,0.04487179487179487,0.003770739064856712,0.0001336536470952228,-0.14452185014668453,0.14920222813828055,0.032915290413759846,0.15437380395828568,0.4783660091002739,0.4859012722972533,0.0,0.0,1.0,0.0,0.0,-7.176527539744958,-2.5649493574615367,4.6443908991413725,3.7376696182833684,3.9512437185814275,2.0794415416798357,1.6094379124341003,-2.341805806147327,1.274502955131774,-8.920258827347457,-5.580484258311707,7.0,0.0,0.0,0.0,0.0,0.0,1.0,0.0,0.0,0.0,0.0,0.0,0.0
215,167,187,200.28571428571428,21,98,3.985657427659651,0.03,0.9279999999999999,0.22695035460992907,27.54734065934066,3.315906003148189,4,0.023952095808383235,0.0,0.00028857946757088236,3.3935829459673792e-06,0.32159852273780515,-0.03651837706241821,0.28447539479997425,-0.036957771603234185,0.5243781043215038,0.8581052866058387,0.0,0.0,1.0,0.0,0.0,-7.373216293232554,-2.1865861791311634,5.231108616854587,4.584967478670572,5.117993812416755,3.044522437723423,1.3862943611198906,-3.7316994512968646,1.3827022742085178,-12.593624278500053,-8.150540059093462,20.0,0.0,0.0,0.0,0.0,0.0,0.0,0.0,0.0,0.0,1.0,0.0,0.0
227,47,61,47.57142857142857,3,26,2.549569941149842,0.008,0.009000000000000001,0.4166666666666667,32.16613272311213,3.470914120257573,3,0.06382978723404255,0.0,0.0027752081406105457,5.26288315286921e-05,0.040308655239814015,-0.060968649539533695,0.040308655239814035,-0.060968649539533695,0.767402160819035,0.8352998216059806,1.0,0.0,0.0,0.0,0.0,-6.613767653967079,-3.012261575505202,4.110873864173311,3.258096538021482,3.8501476017100584,1.0986122886681098,1.0986122886681098,-2.751535313041949,0.9359246944177614,-9.852246460465945,-5.887029528971099,11.0,0.0,0.0,0.0,0.0,0.0,0.0,0.0,1.0,0.0,0.0,0.0,0.0
265,37,81,187.85714285714286,13,29,11.072315558802044,0.013000000000000001,0.055,0.16666666666666666,45.08557213930348,3.808562287107647,18,0.4864864864864865,0.05555555555555555,0.02702702702702703,0.002064000937874812,0.6155241546759997,0.14470590833281263,0.6647869213600109,0.10678212589957213,0.38744150101885527,0.577327274773352,0.0,0.0,1.0,0.0,0.0,-6.281650350739239,-1.8294997972109022,4.394449154672439,3.367295829986474,3.6109179126442243,2.5649493574615367,2.8903717578961645,-0.7205461547480597,2.4044478990835256,-6.183108976966213,-3.6109179126442243,20.0,0.0,0.0,0.0,0.0,0.0,0.0,0.0,0.0,0.0,1.0,0.0,0.0
295,266,766,219.14285714285714,59,242,9.211091638871615,0.42100000000000004,0.134,0.41630901287553645,53.57121212121212,3.9810118365028946,42,0.15789473684210525,0.012164339419978519,0.0011916583912611719,1.2498691596052768e-05,-0.0628300895426193,-0.07074199168835138,-0.020188128125231894,-0.06326531141278119,0.3797351239460144,0.5563180560060923,0.0,0.0,0.0,1.0,0.0,-6.895682697747868,-2.563644725834872,6.641182169740591,5.488937726156687,5.583496308781699,4.07753744390572,3.7376696182833684,-1.845826690498331,2.220408370808158,-11.289886591450326,-6.732409335924608,7.0,0.0,0.0,0.0,0.0,0.0,1.0,0.0,0.0,0.0,0.0,0.0,0.0
306,47,68,111.0,1,35,2.3748302399275687,0.14,0.298,0.4,47.32219700408534,3.856979466690172,6,0.1276595744680851,0.0,0.005550416281221091,0.00029095614178463924,-0.1086310991638465,0.04010942629653599,-0.325761986783332,0.023464324250547234,0.4490528009626799,0.5841127090438843,0.0,1.0,0.0,0.0,0.0,-8.559677803022392,-4.219507705176107,4.219507705176107,3.5553480614894135,3.8501476017100584,0.0,1.791759469228055,-2.0583881324820035,0.8649259570067017,-8.14233801766821,-5.193882348411154,7.0,0.0,0.0,0.0,0.0,0.0,1.0,0.0,0.0,0.0,0.0,0.0,0.0
344,400,502,224.28571428571428,18,384,2.444975000000001,0.21100000000000002,0.32899999999999996,0.42782152230971127,31.120768601798854,3.4378753970064486,3,0.0075,0.0,3.759398496240601e-05,1.8702771967512765e-07,0.5914489730618054,0.18462390534576079,0.7085459212911043,0.18462390534576079,-0.02748545550453927,0.32608473339574406,0.0,0.0,0.0,1.0,0.0,-8.514013538498858,-3.3282283617955644,6.218600119691729,5.950642552587727,5.991464547107982,2.8903717578961645,1.0986122886681098,-4.892852258439873,0.8940348979256852,-15.4920089975205,-10.188666494769791,10.0,0.0,0.0,0.0,0.0,0.0,0.0,1.0,0.0,0.0,0.0,0.0,0.0
367,18,35,203.85714285714286,9,17,2.1635802469135803,0.084,0.34700000000000003,0.6428571428571429,40.10133000831255,3.691409501052091,2,0.1111111111111111,0.0,0.013071895424836602,0.0005980605749925242,0.3241383439849038,0.3514972868263475,0.3241383439849038,0.3514972868263475,0.20090093464042036,0.5636594024164747,0.0,0.0,1.0,0.0,0.0,-6.010566648981468,-1.3581234841531944,3.5553480614894135,2.833213344056216,2.8903717578961645,2.1972245773362196,0.6931471805599453,-2.1972245773362196,0.7717643712422607,-7.421818513169613,-4.33729074083249,20.0,0.0,0.0,0.0,0.0,0.0,0.0,0.0,0.0,0.0,1.0,0.0,0.0
441,32,55,173.42857142857142,9,21,5.3271484375,0.059000000000000004,0.32299999999999995,0.3333333333333333,58.35597381342062,4.066561732471126,16,0.5,0.08413461538461538,0.03225806451612903,0.005398022892819978,-0.6833907819359029,-0.3810783713624265,-0.7617137317414407,-0.37822941851950276,0.20962905333563092,0.5130938917614571,0.0,1.0,0.0,0.0,0.0,-6.424277148027637,-1.8101086078962516,4.007333185232471,3.044522437723423,3.4657359027997265,2.1972245773362196,2.772588722239781,-0.6931471805599453,1.672816092667718,-5.221722523413476,-3.4339872044851463,5.0,0.0,0.0,0.0,1.0,0.0,0.0,0.0,0.0,0.0,0.0,0.0,0.0
447,130,232,210.14285714285714,19,73,31.15360946745562,0.092,0.152,0.3469387755102041,36.79213836477987,3.6052841909605977,26,0.2,0.07889546351084811,0.0031007751937984496,0.00016788931878169297,0.19765712550552,-0.08456231683227322,0.2705599230600533,-0.08478541780682759,0.21489850322728893,0.5824028586509558,0.0,0.0,0.0,1.0,0.0,-7.270883042835266,-2.5022983924998696,5.44673737166631,4.290459441148391,4.867534450455582,2.9444389791664403,3.258096538021482,-1.6094379124341003,3.438930112275212,-8.692205612451788,-5.776103136235827,12.0,0.0,0.0,0.0,0.0,0.0,0.0,0.0,0.0,1.0,0.0,0.0,0.0
567,48,105,217.14285714285714,11,27,10.27734375,0.049,0.5770000000000001,0.41304347826086957,37.237969159150424,3.6173289170644414,12,0.25,0.052083333333333336,0.010638297872340425,0.0005281424475629997,0.2993925322523333,0.14356187612810795,0.2565850078656159,0.1333137969582905,0.6157820731945272,0.7130883394570924,0.0,0.0,0.0,1.0,0.0,-6.853861202894529,-2.256065077359153,4.653960350157523,3.295836866004329,3.871201010907891,2.3978952727983707,2.4849066497880004,-1.3862943611198906,2.3299418365607303,-7.546144523592859,-4.543294782270004,5.0,0.0,0.0,0.0,1.0,0.0,0.0,0.0,0.0,0.0,0.0,0.0,0.0
581,105,134,225.42857142857142,16,68,3.5141950113378693,0.063,0.22899999999999998,0.45588235294117646,57.896904982977404,4.058663928624772,9,0.08571428571428572,0.0,0.0016483516483516484,1.841565028378216e-05,-0.07305753168380669,-0.10482556801948781,0.025309025704691165,-0.09840683392018512,0.3278686389546368,0.6342280341119579,0.0,0.0,0.0,1.0,0.0,-7.299374980268248,-2.12525107771113,4.897839799950911,4.219507705176107,4.653960350157523,2.772588722239781,2.1972245773362196,-2.456735772821304,1.2568104837680185,-10.90230969596837,-6.407979491402731,4.0,0.0,0.0,1.0,0.0,0.0,0.0,0.0,0.0,0.0,0.0,0.0,0.0
584,105,355,149.71428571428572,63,90,23.15011337868481,0.778,0.077,0.391304347826087,21.697161878065874,3.0771814629635608,7,0.06666666666666667,0.0,0.0012820512820512823,1.7727998497229263e-05,0.23716721418088105,0.2133145535048386,0.41749374883774065,0.21053738854915718,0.3604191615932547,0.6109157083276268,0.0,1.0,0.0,0.0,0.0,-5.519554339591664,-1.728983063083883,5.872117789475416,4.499809670330265,4.653960350157523,4.143134726391533,1.9459101490553132,-2.70805020110221,3.1419996780876285,-10.940365332167609,-6.659293919683638,20.0,0.0,0.0,0.0,0.0,0.0,0.0,0.0,0.0,0.0,1.0,0.0,0.0
590,58,116,232.85714285714286,5,55,4.689655172413793,0.053,0.42100000000000004,0.625,43.3044920877999,3.7682563729946765,5,0.08620689655172414,0.0,0.0030248033877797943,4.391729056667578e-05,-0.19191582575763738,-0.32378906422535964,-0.19191582575763738,-0.32378906422535964,0.5128561352924396,0.7076467446141386,0.0,0.0,0.0,0.0,1.0,-7.901430242857813,-3.144152278672264,4.7535901911063645,4.007333185232471,4.060443010546419,1.6094379124341003,1.6094379124341003,-2.451005098112319,1.545359055749578,-10.033202452860003,-5.8009091853869235,5.0,0.0,0.0,0.0,1.0,0.0,0.0,0.0,0.0,0.0,0.0,0.0,0.0
594,158,442,233.14285714285714,25,145,3.84505688190995,0.039,0.08,0.38571428571428573,54.890198863636364,4.005334805503611,20,0.12658227848101267,0.0,0.0016125131016689513,1.9481987284132254e-05,-0.1361102999329929,-0.16043805808947506,-0.22167015695071024,-0.157084120018408,0.6590039263618708,0.6609639035372119,0.0,0.0,0.0,0.0,1.0,-7.295370594627505,-2.8724340572094973,6.091309882077698,4.976733742420574,5.062595033026967,3.2188758248682006,2.995732273553991,-2.0668627594729756,1.3467883965828884,-10.846020248313996,-6.429961384261339,1.0,1.0,0.0,0.0,0.0,0.0,0.0,0.0,0.0,0.0,0.0,0.0,0.0
684,580,639,240.0,16,566,0.4396521997621879,0.445,0.171,0.411231884057971,37.41681643132221,3.6221202405651,1,0.0017301038062283738,0.0,5.99689360911048e-06,1.0357267092189157e-08,0.3458199884442883,0.09943515194277266,0.34581998844428824,0.09943515194277266,0.1372835635042995,0.6215528987315827,0.0,0.0,0.0,0.0,1.0,-9.071078304642676,-3.6873157321377534,6.459904454377535,6.338594078203183,6.363028103540465,2.772588722239781,0.0,-6.359573868672378,-0.8217713197301164,-18.38557742910512,-12.024268954620531,10.0,0.0,0.0,0.0,0.0,0.0,0.0,1.0,0.0,0.0,0.0,0.0,0.0
736,76,126,197.0,6,54,10.304016620498615,0.122,0.299,0.4626865671641791,40.91831122614041,3.7115776700983694,20,0.2631578947368421,0.0,0.007017543859649123,0.0006197599261311178,0.13306104697800608,-0.1858974001221812,0.4256008632548479,-0.11826022361094458,0.41639762467505265,0.6497290230205386,0.0,0.0,1.0,0.0,0.0,-7.822177599796265,-3.044522437723423,4.836281906951478,3.9889840465642745,4.330733340286331,1.791759469228055,2.995732273553991,-1.3350010667323402,2.332533782374926,-7.38617837083013,-4.959341999708705,10.0,0.0,0.0,0.0,0.0,0.0,0.0,1.0,0.0,0.0,0.0,0.0,0.0
744,307,1416,229.0,118,177,156.32857643051918,0.01,0.912,0.26881720430107525,32.369861009509876,3.4772277741232465,135,0.43973941368078173,0.04431319434576764,0.0028741138149070704,8.53864606979852e-05,0.6743111534488199,0.3058321920134941,0.6995083459348417,0.2842003393239365,0.3966474519401584,0.8202891927304156,0.0,0.0,0.0,0.0,1.0,-6.389885126675772,-2.4849066497880004,7.255591274253665,5.176149732573829,5.726847747587197,4.770684624465665,4.90527477843843,-0.8215729691487678,5.05196005136546,-9.368323009574757,-5.852010890541203,5.0,0.0,0.0,0.0,1.0,0.0,0.0,0.0,0.0,0.0,0.0,0.0,0.0
778,11,9,110.28571428571429,8,7,0.512396694214876,0.03,0.011000000000000001,0.5,41.53580076098236,3.7265557242909977,2,0.18181818181818182,0.0,0.03636363636363637,0.004132231404958678,0.0507382594436911,0.05947381792534005,-0.05388159060803245,0.05947381792534005,0.29519926756406895,0.5914961748546856,1.0,0.0,0.0,0.0,0.0,-5.021528132087997,-0.11778303565638351,2.1972245773362196,1.9459101490553132,2.3978952727983707,2.0794415416798357,0.6931471805599453,-1.7047480922384253,-0.6686561605516496,-5.488937726156687,-3.3141860046725253,11.0,0.0,0.0,0.0,0.0,0.0,0.0,0.0,1.0,0.0,0.0,0.0,0.0
976,64,211,111.14285714285714,10,35,160.427490234375,0.054000000000000006,0.040999999999999995,0.5,54.742208300704775,4.002635044426613,10,0.15625,0.0,0.00496031746031746,0.0002352214033761652,0.6828795569888949,-0.08214431680940754,0.8241187533257202,-0.06943226781183129,0.3242607988816888,0.7222659432301853,0.0,1.0,0.0,0.0,0.0,-6.567114365488704,-3.0492730404820207,5.351858133476067,3.5553480614894135,4.1588830833596715,2.302585092994046,2.302585092994046,-1.8562979903656263,5.077842066248688,-8.354983345331117,-5.306285536197214,2.0,0.0,1.0,0.0,0.0,0.0,0.0,0.0,0.0,0.0,0.0,0.0,0.0
977,385,299,235.85714285714286,27,106,4.028024962050936,0.578,0.306,0.4691358024691358,33.34276689829438,3.5068408642299005,33,0.08571428571428572,0.0,0.00044642857142857136,3.394113327149042e-06,0.42176258992525906,0.15375492854492234,0.36439937862189514,0.14556403882388771,0.5184519187840849,0.8566737577618794,0.0,0.0,0.0,0.0,1.0,-8.12063276314827,-2.4046067073863573,5.700443573390687,4.663439094112067,5.953243334287785,3.295836866004329,3.4965075614664802,-2.456735772821304,1.393276171969918,-12.59346800127096,-7.7142311448490855,7.0,0.0,0.0,0.0,0.0,0.0,1.0,0.0,0.0,0.0,0.0,0.0,0.0
1001,86,112,96.71428571428571,10,43,5.908599242833965,0.131,0.031,0.3333333333333333,36.0852127220157,3.58588316153293,23,0.26744186046511625,0.04098837209302326,0.006292749658002737,0.00045931495749128385,-0.5739145622600262,-0.14742663531860606,-0.6943013691226192,-0.13177187289604453,0.14061872511670073,0.534241920282484,1.0,0.0,0.0,0.0,0.0,-6.723523327116424,-2.4159137783010487,4.718498871295094,3.7612001156935624,4.454347296253507,2.302585092994046,3.1354942159291497,-1.318853080324358,1.7764087885766662,-7.685774401320666,-5.068357156254729,2.0,0.0,1.0,0.0,0.0,0.0,0.0,0.0,0.0,0.0,0.0,0.0,0.0
1033,330,444,243.0,61,117,23.21399449035813,0.254,0.336,0.4218181818181818,42.33314944834503,3.7455704540411663,42,0.12727272727272726,0.022591280773098955,0.0007736943907156673,1.3119382640762123e-05,0.41410499945286844,0.08487810323113577,0.49250856598889453,0.08304364464701856,0.31377788557594594,0.8540938634849856,0.0,0.0,0.0,0.0,1.0,-7.1812802336277635,-1.9849506982589133,6.095824562432225,4.762173934797756,5.799092654460526,4.110873864173311,3.7376696182833684,-2.0614230361771577,3.1447553076050627,-11.241419830375404,-7.164333606382584,10.0,0.0,0.0,0.0,0.0,0.0,0.0,1.0,0.0,0.0,0.0,0.0,0.0
1039,56,105,204.0,4,54,0.9308035714285714,0.006999999999999999,0.063,0.4,46.13525641025641,3.831577438840075,3,0.05357142857142857,0.0,0.001948051948051948,3.162421993590823e-05,-0.3033835499217191,-0.27178062291261107,-0.3033835499217191,-0.27178062291261107,0.3611773064748389,0.34683350635349175,0.0,0.0,1.0,0.0,0.0,-7.957177323459475,-3.2676659890376327,4.653960350157523,3.9889840465642745,4.02535169073515,1.3862943611198906,1.0986122886681098,-2.9267394020670396,-0.07170701061618374,-10.361587277279039,-6.240925406739565,1.0,1.0,0.0,0.0,0.0,0.0,0.0,0.0,0.0,0.0,0.0,0.0,0.0
1067,107,222,195.71428571428572,23,62,10.368241767839987,0.048,0.023,0.5833333333333334,61.61405953134896,4.120890083642158,28,0.2616822429906542,0.0,0.004937400811144419,9.207020556842217e-05,0.03668007118844151,-0.07099185348783002,0.17186583002631567,-0.036834579195703654,0.4368206619893902,0.6928807429825696,0.0,0.0,1.0,0.0,0.0,-6.813990488299614,-2.2671831659431296,5.402677381872279,4.127134385045092,4.672828834461906,3.1354942159291497,3.332204510175204,-1.3406243242867024,2.3387474579954493,-9.292959167926465,-5.310916237838824,2.0,0.0,1.0,0.0,0.0,0.0,0.0,0.0,0.0,0.0,0.0,0.0,0.0
1072,59,114,183.71428571428572,7,50,4.741166331513933,0.035,0.021,0.5,60.52779980178394,4.103102760354539,15,0.2542372881355932,0.022816166883963495,0.008766803039158387,0.000900591319413251,-0.2814520677421456,-0.2529439406238705,-0.3362911704060965,-0.24020499089540584,0.4167747281597499,0.6437620236277775,0.0,0.0,1.0,0.0,0.0,-7.345009050592657,-2.790288299339182,4.736198448394496,3.912023005428146,4.07753744390572,1.9459101490553132,2.70805020110221,-1.3694872428035094,1.556283166939649,-7.012458988813862,-4.736783072789984,11.0,0.0,0.0,0.0,0.0,0.0,0.0,0.0,1.0,0.0,0.0,0.0,0.0
1114,51,137,170.71428571428572,24,46,6.921184159938484,0.512,0.314,0.3695652173913043,33.73055466495671,3.518404093200337,2,0.0392156862745098,0.0,0.001568627450980392,2.8911956939638595e-05,0.15772307099015143,0.1597466121804004,0.1577230709901514,0.1597466121804004,0.2831364915767538,0.4377869478253815,0.0,1.0,0.0,0.0,0.0,-5.893763117686678,-1.7419270954801793,4.919980925828125,3.828641396489095,3.9318256327243257,3.1780538303479458,0.6931471805599453,-3.2386784521643803,1.934586876368379,-10.451255313474995,-6.457554277032581,20.0,0.0,0.0,0.0,0.0,0.0,0.0,0.0,0.0,0.0,1.0,0.0,0.0
1124,109,381,232.0,46,100,13.405942260752463,0.006,0.35200000000000004,0.4421052631578947,28.29785766158315,3.3427861007795974,26,0.23853211009174313,0.0,0.004417261297995243,5.285034525620961e-05,0.2722248407691904,-0.0159458290087111,0.2438947058927215,0.015782025182720236,0.49689805098138684,0.6443446310763341,0.0,0.0,0.0,0.0,1.0,-6.309443857406358,-2.114157978637606,5.942799375126701,4.605170185988092,4.6913478822291435,3.828641396489095,3.258096538021482,-1.4332513442076615,2.595698060955915,-9.848046312912325,-5.422235390771936,5.0,0.0,0.0,0.0,1.0,0.0,0.0,0.0,0.0,0.0,0.0,0.0,0.0
1136,87,202,69.28571428571429,7,73,3.5745805258290395,0.006,0.021,0.4523809523809524,38.369760820045556,3.647269670724852,7,0.08045977011494253,0.0,0.0018711574445335474,3.6905824267826696e-05,0.0007158163567296495,0.017973627526448942,-0.08568069938703954,0.009041900149155055,0.5518551522879462,0.5488428992560512,1.0,0.0,0.0,0.0,0.0,-6.75823671148144,-3.362357548345891,5.308267697401205,4.290459441148391,4.465908118654584,1.9459101490553132,1.9459101490553132,-2.5199979695992702,1.273847833829194,-10.207141180136599,-6.281198085292833,11.0,0.0,0.0,0.0,0.0,0.0,0.0,0.0,1.0,0.0,0.0,0.0,0.0
1158,169,712,240.85714285714286,71,157,30.70018556773222,0.11699999999999999,0.7859999999999999,0.32,27.747569756975697,3.3231482600322133,131,0.7751479289940828,0.07103040247836627,0.009227951535643843,0.0004142310554463489,-0.3343278834406867,-0.10310404471856197,-0.3910716629977193,-0.17989494608026602,0.3631032886461898,0.3816647584738124,0.0,0.0,0.0,0.0,1.0,-6.351422827388245,-2.3053980343706604,6.568077911411976,5.056245805348308,5.1298987149230735,4.2626798770413155,4.875197323201151,-0.25470139172192197,3.4242686991264213,-7.789086634878729,-4.685518190565236,5.0,0.0,0.0,0.0,1.0,0.0,0.0,0.0,0.0,0.0,0.0,0.0,0.0
1159,83,127,226.0,32,40,11.357526491508203,0.105,0.355,0.35714285714285715,34.99417840375587,3.5551817163335646,14,0.1686746987951807,0.0,0.004114017043784895,0.0001515058751379161,0.1727098680560016,0.14076122481848627,0.12022813580842624,0.13425878100854632,0.44116149592948256,0.8377938224069802,0.0,0.0,0.0,1.0,0.0,-6.3736397042691575,-1.3784511836588647,4.844187086458591,3.6888794541139363,4.418840607796598,3.4657359027997265,2.6390573296152584,-1.7797832781813394,2.4298806511609796,-8.794886153978542,-5.493355344885647,10.0,0.0,0.0,0.0,0.0,0.0,0.0,1.0,0.0,0.0,0.0,0.0,0.0
1186,87,150,98.0,19,46,10.636543797066983,0.27,0.018000000000000002,0.3684210526315789,31.232336182336184,3.441453974207592,2,0.022988505747126436,0.0,0.0005346164127238706,5.930655206640103e-06,0.6192241137530253,0.36771512696743985,0.6192241137530254,0.36771512696743985,0.3656788470174671,0.793619053538176,1.0,0.0,0.0,0.0,0.0,-6.106436618158715,-2.0661963149298153,5.0106352940962555,3.828641396489095,4.465908118654584,2.9444389791664403,0.6931471805599453,-3.7727609380946383,2.364295600041721,-12.035375860899695,-7.533961053788201,2.0,0.0,1.0,0.0,0.0,0.0,0.0,0.0,0.0,0.0,0.0,0.0,0.0
1198,34,102,223.42857142857142,7,28,10.941176470588236,0.022000000000000002,0.802,0.4482758620689655,39.652054794520545,3.680142770055113,3,0.08823529411764706,0.0,0.005347593582887701,0.00018746763005964012,0.25933116480444535,0.24983134677739313,0.16916033274754882,0.23597929732759004,0.4879359765774537,0.6016382309921572,0.0,0.0,0.0,1.0,0.0,-6.989542147610791,-2.6790626642289577,4.624972813284271,3.332204510175204,3.5263605246161616,1.9459101490553132,1.0986122886681098,-2.4277482359480516,2.392533329656985,-8.581904367139673,-5.231108616854587,5.0,0.0,0.0,0.0,1.0,0.0,0.0,0.0,0.0,0.0,0.0,0.0,0.0
1206,130,351,77.85714285714286,32,73,27.363846153846154,0.14400000000000002,0.016,0.2727272727272727,32.762103174603176,3.4892724563931323,99,0.7615384615384615,0.09586395686801367,0.011806797853309481,0.0006806316046237834,-0.4004895230137245,-0.23075646488825102,-0.2577490737884053,-0.18312012770663344,0.17854188656999756,0.2675725035685654,1.0,0.0,0.0,0.0,0.0,-5.756674193263787,-2.3950503206661393,5.860786223465865,4.290459441148391,4.867534450455582,3.4657359027997265,4.59511985013459,-0.2724146003209926,3.3092226586729687,-7.292489360560996,-4.439079824122719,2.0,0.0,1.0,0.0,0.0,0.0,0.0,0.0,0.0,0.0,0.0,0.0,0.0
1214,20,46,63.285714285714285,7,13,8.209999999999997,0.009000000000000001,0.012,0.3,33.80828651685393,3.5207059356619124,1,0.05,0.0,0.005263157894736842,0.00024930747922437664,0.25593509801191794,0.35748500270158123,0.25593509801191794,0.35748500270158123,0.3761592859219792,0.879137097089009,1.0,0.0,0.0,0.0,0.0,-5.1974817454885,-1.8827312474337816,3.828641396489095,2.5649493574615367,2.995732273553991,1.9459101490553132,0.0,-2.995732273553991,2.1053529234643364,-8.296823566984754,-5.247024072160486,2.0,0.0,1.0,0.0,0.0,0.0,0.0,0.0,0.0,0.0,0.0,0.0,0.0
1233,167,403,240.28571428571428,47,152,6.937071963856719,0.028999999999999998,0.168,0.4316546762589928,67.30375647668394,4.209216051982784,21,0.12574850299401197,0.0,0.0015150422047471325,1.4219737129421588e-05,-0.07563837367661601,-0.042080901036438044,-0.004832335103138047,-0.05130468254833654,0.24582036254137285,0.24203389222911595,0.0,0.0,0.0,0.0,1.0,-6.749674902184276,-2.1487889602366246,5.998936561946683,5.0238805208462765,5.117993812416755,3.8501476017100584,3.044522437723423,-2.073471374693332,1.9368797782655613,-11.160879619736026,-6.49231198248993,4.0,0.0,0.0,1.0,0.0,0.0,0.0,0.0,0.0,0.0,0.0,0.0,0.0
1274,345,1261,251.14285714285714,83,331,4.927401806343205,0.10800000000000001,0.183,0.3737024221453287,36.29299900695134,3.5916248578477163,141,0.40869565217391307,0.016744077774122422,0.0023761375126390293,6.886545734116736e-05,-0.5898803598243414,-0.16614266329582295,-0.821662831574132,-0.2448720238978411,0.16704677973033158,0.3656372548714511,0.0,0.0,0.0,0.0,1.0,-6.950725738424571,-2.7208197281683217,7.13966033596492,5.802118375377063,5.84354441703136,4.418840607796598,4.948759890378168,-0.8947845266531914,1.5948118321634204,-9.583355850490662,-6.0422790034666445,1.0,1.0,0.0,0.0,0.0,0.0,0.0,0.0,0.0,0.0,0.0,0.0,0.0
1299,272,702,247.14285714285714,79,201,11.191987456747404,0.6990000000000001,0.23399999999999999,0.3242009132420091,31.68659793814433,3.4558938135109094,51,0.1875,0.0,0.0013837638376383765,1.6507348435759157e-05,0.17966832887892115,-0.020611524322104804,0.05511860268085776,-0.02161063121251966,0.6035851422643517,0.7900830338059013,0.0,0.0,0.0,0.0,1.0,-6.746320752265487,-2.1844855515587898,6.553933404025811,5.303304908059076,5.605802066295998,4.3694478524670215,3.9318256327243257,-1.6739764335716716,2.41519811662876,-11.011704916457974,-6.582948073891427,5.0,0.0,0.0,0.0,1.0,0.0,0.0,0.0,0.0,0.0,0.0,0.0,0.0
1339,370,716,227.28571428571428,77,250,11.330927684441198,0.8190000000000001,0.135,0.4,22.264625850340135,3.10299913424622,20,0.05405405405405406,0.0,0.00029297590273200027,2.0181926061630865e-06,0.4779830930198887,0.21434812667738043,0.5966149519216692,0.21441541036614925,0.41432456422413,0.6877595196367592,0.0,0.0,0.0,0.0,1.0,-6.99590546306706,-2.2298747451069616,6.573680166960646,5.521460917862246,5.91350300563827,4.343805421853684,2.995732273553991,-2.917770732084279,2.427535950279502,-13.113308196502574,-8.135420195564862,10.0,0.0,0.0,0.0,0.0,0.0,0.0,1.0,0.0,0.0,0.0,0.0,0.0
1350,81,138,82.14285714285714,6,31,30.677640603566527,0.018000000000000002,0.019,0.5,53.9407835258664,3.987886843484216,9,0.1111111111111111,0.0,0.0027777777777777783,0.00011959876543209881,0.40173449992340615,0.2869058531145484,0.4048574831074721,0.2948175193935641,0.4793075624187954,0.8223814615510171,1.0,0.0,0.0,0.0,0.0,-7.011149577186421,-3.1354942159291497,4.927253685157205,3.4339872044851463,4.394449154672439,1.791759469228055,2.1972245773362196,-2.1972245773362196,3.423534070137878,-9.03136803897511,-5.886104031450156,2.0,0.0,1.0,0.0,0.0,0.0,0.0,0.0,0.0,0.0,0.0,0.0,0.0
1376,115,281,175.0,2,109,2.1772400756143666,0.06,0.23800000000000002,0.45544554455445546,36.05951192457016,3.5851706825912295,1,0.008695652173913044,0.0,0.00015255530129672004,1.3149312773859166e-06,-0.03719130835661345,-0.030881768588099937,-0.03719130835661345,-0.030881768588099937,0.6404244225135554,0.6683247513347748,0.0,1.0,0.0,0.0,0.0,-9.216570921726818,-4.945207488773801,5.638354669333745,4.6913478822291435,4.74493212836325,0.6931471805599453,0.0,-4.74493212836325,0.7780580543598004,-13.541726154243205,-8.7879833961978,1.0,1.0,0.0,0.0,0.0,0.0,0.0,0.0,0.0,0.0,0.0,0.0,0.0
1403,48,44,202.28571428571428,3,22,2.826388888888888,0.22,0.304,0.3695652173913043,32.955357142857146,3.4951538317349042,5,0.10416666666666667,0.0,0.004432624113475177,0.00018783637643981685,-0.12862483059844756,-0.14164282387584068,-0.1707218842539241,-0.1510092963531698,0.4511758702414481,0.6381514307504527,0.0,0.0,1.0,0.0,0.0,-8.082269847438132,-2.6855773452501515,3.784189633918261,3.091042453358316,3.871201010907891,1.0986122886681098,1.6094379124341003,-2.2617630984737906,1.038999885866594,-8.579939312184498,-5.418763519623904,10.0,0.0,0.0,0.0,0.0,0.0,0.0,1.0,0.0,0.0,0.0,0.0,0.0
1404,24,30,39.57142857142857,4,19,1.6041666666666667,0.057999999999999996,0.83,0.1111111111111111,22.276232201533407,3.1035202895163967,4,0.16666666666666666,0.0,0.014492753623188406,0.0007351396765385423,0.37929876081947067,0.05377386745044718,0.21821789023599242,0.029476963993508278,0.3797307928657523,0.5738514276074502,1.0,0.0,0.0,0.0,0.0,-5.4698668263600805,-2.0149030205422647,3.4011973816621555,2.9444389791664403,3.1780538303479458,1.3862943611198906,1.3862943611198906,-1.791759469228055,0.472604410945793,-7.21545004069915,-4.23410650459726,24.0,0.0,0.0,0.0,0.0,0.0,0.0,0.0,0.0,0.0,0.0,0.0,1.0
1455,161,246,237.0,53,104,5.342386482003009,0.012,0.047,0.42857142857142855,119.40548696844994,4.782525154412257,18,0.11180124223602485,0.0,0.0013975155279503106,1.5030646001311682e-05,0.12790946261200706,0.006579182298778505,0.14464425927992997,-0.0024048455980568077,0.5331859535279457,0.7586797265155704,0.0,0.0,0.0,0.0,1.0,-6.579172592567472,-1.535039622380241,5.5053315359323625,4.6443908991413725,5.081404364984463,3.970291913552122,2.8903717578961645,-2.191032607088298,1.675672459881165,-11.105419374330511,-6.57305924176218,4.0,0.0,0.0,1.0,0.0,0.0,0.0,0.0,0.0,0.0,0.0,0.0,0.0
1458,56,88,167.0,9,36,5.852040816326531,0.034,0.076,0.52,55.52413528055342,4.016817796143751,6,0.10714285714285714,0.0,0.003896103896103896,0.00013830325518637203,0.38493067361547656,0.32229602016954506,0.3727590955826394,0.32465094750363277,0.5422038697568521,0.7529455359689765,0.0,1.0,0.0,0.0,0.0,-6.946120925815685,-2.280112237141987,4.477336814478207,3.58351893845611,4.02535169073515,2.1972245773362196,1.791759469228055,-2.2335922215070942,1.7667904578988536,-8.886061782431206,-5.54777822617962,12.0,0.0,0.0,0.0,0.0,0.0,0.0,0.0,0.0,1.0,0.0,0.0,0.0
1505,357,406,223.71428571428572,11,327,1.9503487669577637,0.23399999999999999,0.20600000000000002,0.471976401179941,45.33972173913043,3.8141835078556636,4,0.011204481792717087,0.0,6.29465269253769e-05,4.3807795192062306e-07,0.406873715218216,0.005419097808325522,0.5277227658295295,0.005419097808325522,0.26202253974691864,0.5539987823414717,0.0,0.0,0.0,1.0,0.0,-8.890210236476703,-3.608457886803362,6.0063531596017325,5.7899601708972535,5.877735781779639,2.3978952727983707,1.3862943611198906,-4.491441420659749,0.6680082114331688,-14.640868969983664,-9.673224970951834,10.0,0.0,0.0,0.0,0.0,0.0,0.0,1.0,0.0,0.0,0.0,0.0,0.0
1517,58,82,194.57142857142858,27,38,2.0356718192627823,0.14400000000000002,0.298,0.509090909090909,47.6164280331575,3.8631778284418443,9,0.15517241379310345,0.0,0.0054446460980036296,0.00021446276893393338,-0.26190078912945797,0.00932492552111193,-0.3352203315942671,0.007923232706308611,0.6529927857777508,0.7268356369354566,0.0,0.0,1.0,0.0,0.0,-6.035405482196235,-1.110882381259924,4.406719247264253,3.6375861597263857,4.060443010546419,3.295836866004329,2.1972245773362196,-1.8632184332102,0.7108258967287393,-8.447374406065036,-5.213122520484805,5.0,0.0,0.0,0.0,1.0,0.0,0.0,0.0,0.0,0.0,0.0,0.0,0.0
1721,116,205,201.57142857142858,30,86,3.5406510107015454,0.11599999999999999,0.7909999999999999,0.3225806451612903,30.89256444150694,3.430515521986003,8,0.06896551724137931,0.02586206896551724,0.0011994002998500749,1.4205790657894439e-05,-0.3285965914890763,-0.1613328759234822,-0.17681495777309458,-0.15761555641659608,0.5029508547313252,0.6696714813907858,0.0,0.0,1.0,0.0,0.0,-6.6585366122417105,-1.9218125974762528,5.3230099791384085,4.454347296253507,4.7535901911063645,3.4011973816621555,2.0794415416798357,-2.6741486494265287,1.264310611566027,-11.161860883672482,-6.725933597229834,20.0,0.0,0.0,0.0,0.0,0.0,0.0,0.0,0.0,0.0,1.0,0.0,0.0
1781,57,156,203.71428571428572,13,54,4.404432132963989,0.006,0.031,0.35185185185185186,30.14349859681946,3.405969264657532,20,0.3508771929824561,0.02066062592378382,0.012531328320802003,0.0012079855026036269,-0.6476893980403696,-0.3611712893585923,-0.8345811179827279,-0.4350543327442366,0.21277438895120637,0.7045920161965914,0.0,0.0,1.0,0.0,0.0,-6.794820362291942,-2.4849066497880004,5.049856007249537,3.9889840465642745,4.04305126783455,2.5649493574615367,2.995732273553991,-1.0473189942805592,1.4826113368813962,-6.718801180697466,-4.379523504455763,1.0,1.0,0.0,0.0,0.0,0.0,0.0,0.0,0.0,0.0,0.0,0.0,0.0
1835,102,314,227.0,13,100,2.3663975394079193,0.008,0.06,0.3263157894736842,45.66481892091648,3.821328174755653,18,0.17647058823529413,0.0,0.003494467093768201,8.581830467126333e-05,-0.37479795193725424,-0.4453171876864657,-0.4826868778023424,-0.4491089489420937,0.46058610712528136,0.438728084984851,0.0,0.0,0.0,1.0,0.0,-7.484973473304137,-3.184443628446717,5.749392985908253,4.605170185988092,4.624972813284271,2.5649493574615367,2.8903717578961645,-1.7346010553881064,0.861368773169902,-9.363278233067431,-5.65657439166942,1.0,1.0,0.0,0.0,0.0,0.0,0.0,0.0,0.0,0.0,0.0,0.0,0.0
1845,122,180,172.71428571428572,16,54,10.167428110722927,0.32299999999999995,0.099,0.3557692307692308,42.84692810457516,3.757633952965809,2,0.01639344262295082,0.0,0.00027096599376778217,2.165965808467573e-06,0.20813621793311632,0.03336598679122876,0.20813621793311632,0.03336598679122876,0.3725566759729537,0.8721395968011892,0.0,1.0,0.0,0.0,0.0,-7.183071024052955,-2.4203681286504293,5.19295685089021,3.9889840465642745,4.804021044733257,2.772588722239781,0.6931471805599453,-4.110873864173311,2.319189288277362,-13.04264419507444,-8.213517229210106,12.0,0.0,0.0,0.0,0.0,0.0,0.0,0.0,0.0,1.0,0.0,0.0,0.0
1852,148,409,244.71428571428572,19,143,2.410290357925493,0.046,0.09699999999999999,0.3037037037037037,47.08814814814815,3.8520213376836736,26,0.17567567567567569,0.013701201201201201,0.0023901452472881043,4.931933069983657e-05,-0.3114770494301471,-0.2034646936676435,-0.48982952825974224,-0.2155323091047842,0.29653495535554497,0.29184605611035674,0.0,0.0,0.0,0.0,1.0,-7.5528646438664815,-3.0692761768763615,6.013715156042802,4.962844630259907,4.997212273764115,2.9444389791664403,3.258096538021482,-1.739115735742633,0.8797472207123846,-9.917194450323136,-6.0364011419614245,1.0,1.0,0.0,0.0,0.0,0.0,0.0,0.0,0.0,0.0,0.0,0.0,0.0
1933,30,71,158.42857142857142,5,26,25.965555555555554,0.10800000000000001,0.024,0.5217391304347826,31.996340493237867,3.465621536673854,1,0.03333333333333333,0.0,0.0022988505747126436,7.398599550799313e-05,0.8371856550383155,0.5464990466053928,0.8371856550383155,0.5464990466053928,0.27556611334127584,0.7473905977289962,0.0,1.0,0.0,0.0,0.0,-6.857063307523108,-2.653241964607215,4.2626798770413155,3.258096538021482,3.4011973816621555,1.6094379124341003,0.0,-3.4011973816621555,3.2567708733914955,-9.51163473256211,-6.075346031088684,2.0,0.0,1.0,0.0,0.0,0.0,0.0,0.0,0.0,0.0,0.0,0.0,0.0
1970,17,51,122.71428571428571,7,10,32.8235294117647,0.009000000000000001,0.091,0.5,32.15641891891892,3.4706120860870033,9,0.5294117647058824,0.12044817927170867,0.0661764705882353,0.010786115916955016,0.36858277554022767,0.21451131688364294,0.4483533963297289,0.25267875963638314,0.1450268465934728,0.3697705337836121,0.0,1.0,0.0,0.0,0.0,-5.697161967929845,-1.9859154836690123,3.9318256327243257,2.302585092994046,2.833213344056216,1.9459101490553132,2.1972245773362196,-0.6359887667199967,3.4911456183250946,-4.529495535142186,-2.715430308399833,10.0,0.0,0.0,0.0,0.0,0.0,0.0,1.0,0.0,0.0,0.0,0.0,0.0
1993,946,1058,175.0,17,793,1.0790062977977821,0.213,0.27899999999999997,0.5022522522522522,35.66852193144121,3.574268561210351,25,0.026427061310782242,0.002184637068357998,5.5930288488428026e-05,1.1524278375749122e-07,0.02298750294012206,-0.026291157630824343,0.18582933656099312,-0.026656684852510472,0.5782905695002668,0.7167648358484854,0.0,1.0,0.0,0.0,0.0,-9.183815198919175,-4.130922268362029,6.964135612418245,6.675823221634848,6.852242569051878,2.833213344056216,3.2188758248682006,-3.6333667441836774,0.07604052295755741,-15.976224770847844,-9.791404491117476,10.0,0.0,0.0,0.0,0.0,0.0,0.0,1.0,0.0,0.0,0.0,0.0,0.0
2002,45,67,140.0,9,26,6.205432098765432,0.11199999999999999,0.16,0.5,51.75906382978724,3.9465995632784447,3,0.06666666666666667,0.0,0.00303030303030303,5.968778696051425e-05,0.311012747272151,0.07901866289808154,0.31101274727215106,0.07901866289808154,0.5772492043733319,0.7811370279300116,0.0,1.0,0.0,0.0,0.0,-6.551080335043404,-2.0074680420547466,4.204692619390966,3.258096538021482,3.8066624897703196,2.1972245773362196,1.0986122886681098,-2.70805020110221,1.825425053422253,-9.72638313201946,-5.799092654460526,10.0,0.0,0.0,0.0,0.0,0.0,0.0,1.0,0.0,0.0,0.0,0.0,0.0
2071,320,380,228.71428571428572,22,196,6.70859375,0.045,0.664,0.4027777777777778,27.041447368421053,3.2973707766808964,16,0.05,0.0,0.0003134796238244514,1.9899568597006706e-06,0.5647159289840035,0.11255014480225518,0.6159657872496814,0.11090308743036988,0.392206262104803,0.7877441850257269,0.0,0.0,0.0,0.0,1.0,-8.109752106376858,-2.8491287993621155,5.940171252720432,5.278114659230517,5.768320995793772,3.091042453358316,2.772588722239781,-2.995732273553991,1.903389353758822,-13.127397598005233,-8.06777619577889,10.0,0.0,0.0,0.0,0.0,0.0,0.0,1.0,0.0,0.0,0.0,0.0,0.0
2073,41,92,173.57142857142858,4,40,1.9405116002379532,0.068,0.079,0.5,41.36894357233772,3.722530444066479,1,0.024390243902439025,0.0,0.0012195121951219512,2.900059488399761e-05,-0.2587460649335183,-0.30799702017978886,-0.2587460649335183,-0.30799702017978886,0.5929746822680906,0.7086057136738424,0.0,1.0,0.0,0.0,0.0,-7.4838669123037524,-3.1354942159291497,4.5217885770490405,3.6888794541139363,3.713572066704308,1.3862943611198906,0.0,-3.713572066704308,0.6629516497723433,-10.448194214946897,-6.709304340258298,1.0,1.0,0.0,0.0,0.0,0.0,0.0,0.0,0.0,0.0,0.0,0.0,0.0
2080,42,88,146.42857142857142,3,41,1.8956916099773242,0.046,0.09699999999999999,0.3333333333333333,47.08814814814815,3.8520213376836736,4,0.09523809523809523,0.0,0.004645760743321719,0.00012005595416830225,0.05702575562956999,-0.1609426920825925,-0.11976548923685987,-0.17038767556364848,0.34546381859529185,0.36873517054332355,0.0,1.0,0.0,0.0,0.0,-7.6255950721324535,-3.378724525810097,4.477336814478207,3.713572066704308,3.7376696182833684,1.0986122886681098,1.3862943611198906,-2.3513752571634776,0.6395837376378556,-9.027552639123321,-5.371800143307841,1.0,1.0,0.0,0.0,0.0,0.0,0.0,0.0,0.0,0.0,0.0,0.0,0.0
2090,221,352,209.0,83,148,3.300219078233451,0.529,0.28600000000000003,0.3967391304347826,21.584086284086283,3.0719562970522154,10,0.04524886877828054,0.0,0.00041135335252982314,5.0661947242874955e-06,0.08029136434291932,-0.032501149755941816,0.10641041118963564,-0.03073879116722976,0.7134212366346845,0.8639918025858511,0.0,0.0,0.0,1.0,0.0,-6.321656345685966,-1.4447905678014992,5.863631175598097,4.997212273764115,5.3981627015177525,4.418840607796598,2.302585092994046,-3.095577608523707,1.1939888536123624,-12.192920569640764,-7.796057974316123,20.0,0.0,0.0,0.0,0.0,0.0,0.0,0.0,0.0,0.0,1.0,0.0,0.0
2141,128,350,221.71428571428572,77,91,16.366943359375,0.621,0.174,0.4065934065934066,33.99026548672566,3.5260741744079023,8,0.0625,0.0,0.000984251968503937,1.0656271312542622e-05,0.10888665661864874,0.029207330094967784,0.05910760128511185,0.03309816284428853,0.3401885045548508,0.5964271201131571,0.0,0.0,0.0,1.0,0.0,-5.909614393753784,-1.5141277326297755,5.857933154483459,4.51085950651685,4.852030263919617,4.343805421853684,2.0794415416798357,-2.772588722239781,2.795263651857589,-11.449361983478484,-6.923628628138427,10.0,0.0,0.0,0.0,0.0,0.0,0.0,1.0,0.0,0.0,0.0,0.0,0.0
2162,275,393,204.57142857142858,28,111,14.012244628099172,0.016,0.539,0.3816793893129771,41.93481848184818,3.7361164718672875,28,0.10181818181818182,0.025898989898989897,0.000743198407431984,8.650451839656472e-06,-0.02905385187985779,0.1087453671112081,0.18716104998854097,0.11081201981085248,0.4396106487964373,0.8179916617876307,0.0,0.0,1.0,0.0,0.0,-7.605483785956645,-2.6416051016940574,5.973809611869261,4.709530201312334,5.616771097666572,3.332204510175204,3.332204510175204,-2.2845665874913674,2.6399315636540943,-11.657899002586293,-7.2045475133194925,5.0,0.0,0.0,0.0,1.0,0.0,0.0,0.0,0.0,0.0,0.0,0.0,0.0
2185,39,103,99.14285714285714,9,37,13.768573307034849,0.09300000000000001,0.7070000000000001,0.0,30.29047231270358,3.4108332179417946,16,0.41025641025641024,0.05714285714285715,0.021592442645074223,0.001487030146736091,0.21845096670944586,-0.044464564844587204,0.18372993599760337,-0.08307158842029697,0.6147935460088118,0.29760894362408424,1.0,0.0,0.0,0.0,0.0,-6.062898880244918,-2.4375044108934163,4.634728988229636,3.6109179126442243,3.6635616461296463,2.1972245773362196,2.772588722239781,-0.8909729238898653,2.622388698588115,-6.510974338181654,-3.835411903056306,24.0,0.0,0.0,0.0,0.0,0.0,0.0,0.0,0.0,0.0,0.0,0.0,1.0
2204,51,163,227.0,9,45,8.47135717031911,0.273,0.294,0.14285714285714285,46.621010474430065,3.8420513080709178,5,0.09803921568627451,0.0,0.00392156862745098,6.305267204921185e-05,-0.18612322348170413,-0.22392086665097855,-0.18612322348170413,-0.22392086665097855,0.260205821268907,0.47237680908321966,0.0,0.0,0.0,1.0,0.0,-7.159551072869509,-2.8965256234705428,5.093750200806762,3.8066624897703196,3.9318256327243257,2.1972245773362196,1.6094379124341003,-2.322387720290225,2.136690728451359,-9.67154011660659,-5.541263545158426,7.0,0.0,0.0,0.0,0.0,0.0,1.0,0.0,0.0,0.0,0.0,0.0,0.0
2364,207,649,211.14285714285714,82,187,8.571075170949147,0.018000000000000002,0.20800000000000002,0.5280898876404494,107.48423423423424,4.6773441785261465,63,0.30434782608695654,0.04172226056284027,0.0029548332629801602,3.0885310192158295e-05,0.0006252790819292209,0.08953053318818228,-0.09918950039278597,0.06488335403659307,0.3567374499925353,0.3665306467372612,0.0,0.0,0.0,1.0,0.0,-6.27853449845395,-2.068713469439837,6.47543271670409,5.231108616854587,5.332718793265369,4.406719247264253,4.143134726391533,-1.1895840668738362,2.148393182260872,-10.385229885410208,-5.824313055103472,4.0,0.0,0.0,1.0,0.0,0.0,0.0,0.0,0.0,0.0,0.0,0.0,0.0
2383,74,138,183.14285714285714,1,57,3.197954711468225,0.008,0.02,0.40625,49.29311947931195,3.89778450699448,15,0.20270270270270271,0.02727272727272727,0.0055534987041836355,0.00033939189908820615,-0.6804044299564925,-0.30827825752018906,-0.8035093312721643,-0.30078929664715137,0.1964547446965809,0.2517004938075043,0.0,0.0,1.0,0.0,0.0,-9.514331581629472,-4.927253685157205,4.927253685157205,4.04305126783455,4.30406509320417,0.0,2.70805020110221,-1.5960148921019597,1.1625114527943594,-7.988355073780745,-5.193327152690405,11.0,0.0,0.0,0.0,0.0,0.0,0.0,0.0,1.0,0.0,0.0,0.0,0.0
2476,75,89,148.28571428571428,26,42,4.258488888888889,0.6629999999999999,0.011000000000000001,0.42857142857142855,30.17823596792669,3.4071210012645046,14,0.18666666666666668,0.0,0.0050450450450450456,0.00025699212726239756,-0.5006015456638643,-0.06425697431796534,-0.6357688538956621,-0.07619638539737954,0.10823150074762669,0.6817798521497757,0.0,1.0,0.0,0.0,0.0,-6.058532490185349,-1.2305398317106577,4.48863636973214,3.7376696182833684,4.31748811353631,3.258096538021482,2.6390573296152584,-1.6784307839210517,1.4489143764348313,-8.266465106758504,-5.289348696565276,21.0,0.0,0.0,0.0,0.0,0.0,0.0,0.0,0.0,0.0,0.0,1.0,0.0
2572,99,281,226.42857142857142,13,80,30.74155698398124,0.166,0.759,0.4457831325301205,25.536878674505612,3.240123629921404,4,0.04040404040404041,0.0,0.0008245722531436818,9.83758382821904e-06,0.10236887370383123,0.11065332285422218,0.33219552818853293,0.11145381243187497,0.2546328561035764,0.5824564281889039,0.0,0.0,0.0,1.0,0.0,-7.452600029929121,-3.073405311872209,5.638354669333745,4.382026634673881,4.59511985013459,2.5649493574615367,1.3862943611198906,-3.2088254890146994,3.4256153869247594,-11.529300422964145,-7.100645787125326,12.0,0.0,0.0,0.0,0.0,0.0,0.0,0.0,0.0,1.0,0.0,0.0,0.0
2591,355,483,196.28571428571428,23,342,7.847458837532234,0.24100000000000002,0.45799999999999996,0.3194029850746269,26.10021164021164,3.261943423116141,18,0.05070422535211268,0.005664757777433834,0.000286464550011936,4.953096504985208e-06,0.5423467630493018,-0.20940229307463126,0.7756793761090247,-0.20899476215595575,0.10643760142513745,0.24443151001965502,0.0,0.0,1.0,0.0,0.0,-8.016194897273248,-3.044522437723423,6.180016653652572,5.834810737062605,5.872117789475416,3.1354942159291497,2.8903717578961645,-2.981746031579251,2.060189764423271,-12.215497620399955,-8.15789576415308,10.0,0.0,0.0,0.0,0.0,0.0,0.0,1.0,0.0,0.0,0.0,0.0,0.0
2617,89,289,106.0,12,89,3.849008963514708,0.034,0.064,0.275,40.531464737793854,3.7020785795824076,14,0.15730337078651685,0.02434456928838951,0.0035750766087844746,6.556872045331953e-05,-0.5083580451868038,-0.2619959160701506,-0.46922243517807655,-0.2568198343252485,0.23626482301421498,0.37609652955363293,1.0,0.0,0.0,0.0,0.0,-6.667168814056207,-3.181520038324432,5.666426688112432,4.48863636973214,4.48863636973214,2.4849066497880004,2.6390573296152584,-1.8495790401168812,1.3478157030894165,-9.632411798088095,-5.633768674035142,1.0,1.0,0.0,0.0,0.0,0.0,0.0,0.0,0.0,0.0,0.0,0.0,0.0
2638,58,89,181.0,5,53,1.0763971462544588,0.037000000000000005,0.078,0.34545454545454546,33.52226211849192,3.51220975897203,2,0.034482758620689655,0.0,0.0012099213551119176,3.0376125975284073e-05,-0.1433484195647499,-0.1760128744698674,-0.09786347507849419,-0.1760128744698674,0.4569995441973389,0.5888865832251784,0.0,0.0,1.0,0.0,0.0,-7.649502129378145,-2.8791984572980396,4.48863636973214,3.970291913552122,4.060443010546419,1.6094379124341003,0.6931471805599453,-3.367295829986474,0.07361948867280237,-10.401853587845451,-6.717199917261079,1.0,1.0,0.0,0.0,0.0,0.0,0.0,0.0,0.0,0.0,0.0,0.0,0.0
2644,526,760,240.14285714285714,56,492,4.840116237042607,0.22,0.43,0.4134419551934827,27.548100092678407,3.315933571067691,19,0.03612167300380228,0.0039923954372623575,0.0001376063733478182,7.122061188395612e-07,0.049900483235536336,-0.025410433423769307,0.4773935787544489,-0.016118417848297817,-0.18002264084162672,0.16504930548361535,0.0,0.0,0.0,0.0,1.0,-7.721183506355863,-2.6079667425452278,6.633318433280377,6.198478716492308,6.26530121273771,4.02535169073515,2.9444389791664403,-3.3208622335712694,1.5769387363580567,-14.154898474677184,-8.891113315602947,10.0,0.0,0.0,0.0,0.0,0.0,0.0,1.0,0.0,0.0,0.0,0.0,0.0
2649,233,264,204.71428571428572,39,114,3.91792075742784,0.852,0.14800000000000002,0.5053191489361702,22.897155126140632,3.1310126725434353,8,0.034334763948497854,0.0,0.0002959893443836022,1.826114517388104e-06,0.23706225833492764,0.1656432830040263,0.4100535903619578,0.16532817279320686,0.5968991380461693,0.8920218738211994,0.0,0.0,1.0,0.0,0.0,-7.109092086208912,-1.9123874570166697,5.575949103146316,4.736198448394496,5.4510384535657,3.6635616461296463,2.0794415416798357,-3.371596911885865,1.3655610940569274,-13.213320062868561,-8.125187102992228,20.0,0.0,0.0,0.0,0.0,0.0,0.0,0.0,0.0,0.0,1.0,0.0,0.0
2674,67,207,192.71428571428572,5,66,2.230786366674092,0.023,0.06,0.453125,38.74602425876011,3.6570281507617066,1,0.014925373134328358,0.0,0.0004522840343735866,6.64822755185055e-06,-0.23695745170408586,-0.25078754702307565,-0.23695745170408586,-0.25078754702307565,0.4011147833278674,0.4176742843529792,0.0,0.0,1.0,0.0,0.0,-7.856463414109308,-3.7232808808312687,5.332718793265369,4.189654742026425,4.204692619390966,1.6094379124341003,0.0,-4.204692619390966,0.802354154107958,-11.9211602723792,-7.701200180857446,1.0,1.0,0.0,0.0,0.0,0.0,0.0,0.0,0.0,0.0,0.0,0.0,0.0
2719,102,182,175.14285714285714,4,91,4.34563629373318,0.040999999999999995,0.223,0.5268817204301075,60.416058135412975,4.101254932774508,1,0.00980392156862745,0.0,0.00019413706076490002,1.8844599181217227e-06,-0.2438455949105979,-0.25872108638344543,-0.24384559491059787,-0.25872108638344543,0.31635054521126416,0.5168900363151407,0.0,1.0,0.0,0.0,0.0,-8.404280419605223,-3.817712325956905,5.204006687076795,4.51085950651685,4.624972813284271,1.3862943611198906,0.0,-4.624972813284271,1.4691721907420796,-13.181869293703025,-8.546946149565585,4.0,0.0,0.0,1.0,0.0,0.0,0.0,0.0,0.0,0.0,0.0,0.0,0.0
2762,129,169,234.28571428571428,36,89,1.88834805600625,0.066,0.213,0.4752475247524752,42.07879088206145,3.7395438342253158,19,0.14728682170542637,0.010705057216685123,0.002301356589147287,4.580295843098372e-05,-0.4280567679700378,-0.21085041205666125,-0.4277005077419042,-0.21574026669195612,0.43670152844066,0.6153987329376609,0.0,0.0,0.0,0.0,1.0,-6.732834837668493,-1.5463797764669633,5.1298987149230735,4.48863636973214,4.859812404361672,3.58351893845611,2.9444389791664403,-1.9153734251952317,0.6357024024308484,-9.991161874367311,-6.074256508554903,4.0,0.0,0.0,1.0,0.0,0.0,0.0,0.0,0.0,0.0,0.0,0.0,0.0
2772,273,212,218.0,10,156,0.7376189134430893,0.024,0.627,0.468503937007874,30.35111021396851,3.4128330971978627,4,0.014652014652014652,0.0,0.00010773540185304891,5.82522137524229e-07,-0.13317062470169477,-0.11677109711512464,-0.18109483684660604,-0.11743742392014343,0.7240526689150941,0.8434185477705319,0.0,0.0,0.0,1.0,0.0,-8.691381764980003,-3.054001181677967,5.356586274672012,5.049856007249537,5.60947179518496,2.302585092994046,1.3862943611198906,-4.223177434065069,-0.30432796519880206,-14.35589864789526,-9.135832319801121,4.0,0.0,0.0,1.0,0.0,0.0,0.0,0.0,0.0,0.0,0.0,0.0,0.0
2850,59,86,109.57142857142857,5,42,1.8414248779086468,0.22699999999999998,0.203,0.5,57.50220588235294,4.051823310238812,1,0.01694915254237288,0.0,0.0005844535359438924,9.735199166803586e-06,-0.12317734638584792,-0.13093500128367636,-0.12317734638584792,-0.13093500128367636,0.649213966117532,0.6882154776031384,1.0,0.0,0.0,0.0,0.0,-7.164676183783562,-2.8449093838194073,4.454347296253507,3.7376696182833684,4.07753744390572,1.6094379124341003,0.0,-4.07753744390572,0.6105396621032768,-11.539762460509783,-7.444833273892193,7.0,0.0,0.0,0.0,0.0,0.0,1.0,0.0,0.0,0.0,0.0,0.0,0.0
2892,43,93,190.71428571428572,11,18,16.415359653866958,0.024,0.312,0.40625,40.48202303455183,3.70085799988044,6,0.13953488372093023,0.0,0.0066445182724252485,0.00027225600894765703,0.501874455854026,0.20820185850669162,0.5148117133344241,0.1976755357278263,0.6147458691807208,0.8831396833060039,0.0,0.0,1.0,0.0,0.0,-6.614081264674229,-2.134704220354885,4.532599493153256,2.8903717578961645,3.7612001156935624,2.3978952727983707,1.791759469228055,-1.9694406464655074,2.798217460787671,-8.20876772496169,-5.013963084188931,12.0,0.0,0.0,0.0,0.0,0.0,0.0,0.0,0.0,1.0,0.0,0.0,0.0
2919,126,191,236.57142857142858,10,108,1.6624464600655073,0.365,0.5479999999999999,0.3163265306122449,24.436,3.1960574547875207,3,0.023809523809523808,0.0,0.00038095238095238096,3.918367346938774e-06,-0.16437134362364972,-0.20081691683341757,-0.2373115197413028,-0.2027197920937625,0.47348456278167017,0.6338467551342758,0.0,0.0,0.0,0.0,1.0,-7.999946999847324,-2.949688335052584,5.25227342804663,4.68213122712422,4.836281906951478,2.302585092994046,1.0986122886681098,-3.7376696182833684,0.5082902885574218,-12.449835484047119,-7.872836175025724,4.0,0.0,0.0,1.0,0.0,0.0,0.0,0.0,0.0,0.0,0.0,0.0,0.0
2929,284,253,206.71428571428572,4,227,0.42822604641936135,0.17300000000000001,0.147,0.5890909090909091,56.62972312703583,4.036533990956704,5,0.017605633802816902,0.0,0.00012442144030259294,7.758924237254216e-07,-0.21289449811060676,-0.1117217412539139,-0.10199403704059307,-0.11104832956788702,0.6983857407025033,0.7553033566963604,0.0,0.0,0.0,1.0,0.0,-9.594017454617486,-4.1470951276076295,5.53338948872752,5.424950017481403,5.648974238161206,1.3862943611198906,1.6094379124341003,-4.039536325727106,-0.8481040769806377,-14.069251955592929,-8.991836042810398,10.0,0.0,0.0,0.0,0.0,0.0,0.0,1.0,0.0,0.0,0.0,0.0,0.0
2982,210,129,215.28571428571428,15,24,11.684557823129248,0.10300000000000001,0.16,0.3170731707317073,40.186120401337796,3.6935216723594455,4,0.01904761904761905,0.0,0.00018227386648439275,1.7110237637632674e-06,0.7977774562507934,0.09588400569998036,0.856066067787236,0.09500404669822593,0.6215998877870079,0.9453987214170071,0.0,0.0,0.0,1.0,0.0,-8.01102337918644,-2.151762203259462,4.859812404361672,3.1780538303479458,5.3471075307174685,2.70805020110221,1.3862943611198906,-3.960813169597578,2.4582681258652532,-13.278418674335198,-8.610000241002444,12.0,0.0,0.0,0.0,0.0,0.0,0.0,0.0,0.0,1.0,0.0,0.0,0.0
3045,80,114,180.0,13,37,25.269375000000004,0.187,0.10300000000000001,0.3142857142857143,44.8213,3.8026834728606698,1,0.0125,0.0,0.00031645569620253165,3.9056240987021305e-06,-0.060439100492598985,-0.21728598784647618,-0.060439100492598985,-0.21728598784647618,0.2297321197457997,0.8804505352387162,0.0,1.0,0.0,0.0,0.0,-7.010034128102555,-2.171249090932959,4.736198448394496,3.6109179126442243,4.382026634673881,2.5649493574615367,0.0,-4.382026634673881,3.2295931882093964,-12.45309296703227,-8.058327306580958,12.0,0.0,0.0,0.0,0.0,0.0,0.0,0.0,0.0,1.0,0.0,0.0,0.0
3046,137,317,234.14285714285714,48,112,11.616814960839683,0.079,0.54,0.4948453608247423,39.45794871794872,3.675235515410235,43,0.31386861313868614,0.00437956204379562,0.004615714899098325,7.025176425604985e-05,0.5393125833191581,-0.026561274979021336,0.32134374924308684,-0.06618945543762918,0.4891075942592209,0.5963629259258195,0.0,0.0,0.0,0.0,1.0,-6.50471134460875,-1.8877007629693896,5.75890177387728,4.718498871295094,4.919980925828125,3.871201010907891,3.7612001156935624,-1.1587808101345625,2.45245361409594,-9.563425136100648,-5.378288515310669,5.0,0.0,0.0,0.0,1.0,0.0,0.0,0.0,0.0,0.0,0.0,0.0,0.0
3106,131,246,242.71428571428572,94,101,5.114853446768835,0.005,0.111,0.3333333333333333,37.7929868503444,3.632123552352483,29,0.22137404580152673,0.0,0.0034057545507927187,4.5313975647961934e-05,-0.0030316440768371096,-0.05580519895985113,0.13937796681361045,-0.031985293417903016,0.5644824986419748,0.788178393784126,0.0,0.0,0.0,0.0,1.0,-5.823787513547766,-0.9620367536623589,5.5053315359323625,4.61512051684126,4.875197323201151,4.543294782270004,3.367295829986474,-1.5079014932146775,1.6321487473350265,-10.001895059855654,-5.682288763110314,6.0,0.0,0.0,0.0,0.0,1.0,0.0,0.0,0.0,0.0,0.0,0.0,0.0
3150,205,318,213.71428571428572,32,148,4.022986317668055,0.8340000000000001,0.11800000000000001,0.44565217391304346,24.721813403416558,3.2076859876423307,9,0.04390243902439024,0.0,0.00043041606886657106,5.2066644389964856e-06,0.07539531684791455,0.013335379980313299,0.07709983662754463,0.012109930569174414,0.5538546246082083,0.7878643701228913,0.0,0.0,0.0,1.0,0.0,-7.221914085817791,-2.2963154799804504,5.762051382780177,4.997212273764115,5.3230099791384085,3.4657359027997265,2.1972245773362196,-3.125785401802189,1.392024491934787,-12.165571130070521,-7.75075821508646,20.0,0.0,0.0,0.0,0.0,0.0,0.0,0.0,0.0,0.0,1.0,0.0,0.0
3285,58,185,98.85714285714286,5,21,83.70541022592153,0.147,0.021,0.23076923076923078,33.91110623353819,3.5237425782400082,6,0.10344827586206896,0.02586206896551724,0.003629764065335753,0.00015663833635447692,0.8622834521787119,0.5576906148858817,0.9168495383673732,0.559001796158406,0.5845353083132373,0.9621453682604517,1.0,0.0,0.0,0.0,0.0,-7.044680904674675,-3.6109179126442243,5.220355825078324,3.044522437723423,4.060443010546419,1.6094379124341003,1.791759469228055,-2.268683541318364,4.427303613708991,-8.761571000060252,-5.6185876285929695,2.0,0.0,1.0,0.0,0.0,0.0,0.0,0.0,0.0,0.0,0.0,0.0,0.0
3288,14,142,151.14285714285714,8,11,201.265306122449,0.027999999999999997,0.07,0.25,77.60223972434162,4.351596289199744,3,0.21428571428571427,0.0,0.03296703296703297,0.0039850259630479406,0.2352023763471927,0.22718549706278493,0.364161851458688,0.22718549706278493,0.6898804338514938,0.8842071722523034,0.0,1.0,0.0,0.0,0.0,-5.577841251298354,-2.8763855159214247,4.955827057601261,2.3978952727983707,2.6390573296152584,2.0794415416798357,1.0986122886681098,-1.540445040947149,5.304623968673445,-5.52521145156722,-3.41224721784874,12.0,0.0,0.0,0.0,0.0,0.0,0.0,0.0,0.0,1.0,0.0,0.0,0.0
3293,166,431,207.85714285714286,38,155,3.5178182609957904,0.009000000000000001,0.075,0.37267080745341613,39.36448744769874,3.6728640760435654,69,0.41566265060240964,0.05803038995810081,0.005038335158817087,0.0001029522184459568,-0.46820935526305335,-0.4318521484241503,-0.7511299473504666,-0.4868843745766474,0.11395629246636851,0.2605199240593261,0.0,0.0,0.0,1.0,0.0,-6.811252659180437,-2.428521930377362,6.066108090103747,5.043425116919247,5.111987788356544,3.6375861597263857,4.23410650459726,-0.8778812837592839,1.257840985229901,-9.181245575951818,-5.290679577099919,1.0,1.0,0.0,0.0,0.0,0.0,0.0,0.0,0.0,0.0,0.0,0.0,0.0
3302,207,310,131.28571428571428,7,156,4.375598030292424,0.55,0.09300000000000001,0.40540540540540543,26.844285714285714,3.290052975745748,2,0.00966183574879227,0.0,9.380423057079874e-05,4.465611089037136e-07,0.4518663343046773,0.14952577380420715,0.45186633430467726,0.14952577380420715,0.47096505151132995,0.6326281472803073,0.0,1.0,0.0,0.0,0.0,-8.264184617510429,-3.7906621484238787,5.736572297479192,5.049856007249537,5.332718793265369,1.9459101490553132,0.6931471805599453,-4.639571612705423,1.4760432031062587,-14.621689583948221,-9.27430060093506,12.0,0.0,0.0,0.0,0.0,0.0,0.0,0.0,0.0,1.0,0.0,0.0,0.0
3425,96,158,204.0,20,62,4.457899305555556,0.19899999999999998,0.46299999999999997,0.3793103448275862,35.1017094017094,3.5582498301893715,4,0.041666666666666664,0.0,0.0008771929824561404,1.3080947983995072e-05,0.2490391102913036,0.09789638369603158,0.28204310994773196,0.09789638369603158,0.6173143321930541,0.8122727594272069,0.0,0.0,1.0,0.0,0.0,-6.886735911758062,-2.0668627594729756,5.062595033026967,4.127134385045092,4.564348191467836,2.995732273553991,1.3862943611198906,-3.1780538303479458,1.4946776473500227,-11.244353738720866,-7.038783541388542,4.0,0.0,0.0,1.0,0.0,0.0,0.0,0.0,0.0,0.0,0.0,0.0,0.0
3426,77,132,147.57142857142858,11,59,3.658627087198516,0.087,0.569,0.5,27.265019607843136,3.305604547535776,10,0.12987012987012986,0.0,0.003417634996582365,5.1276205177705346e-05,0.14154899240536678,0.07391870570900491,0.34067285731545666,0.09575080356770437,0.5283609625943256,0.6994735123423548,0.0,1.0,0.0,0.0,0.0,-6.940222469119639,-2.4849066497880004,4.882801922586371,4.07753744390572,4.343805421853684,2.3978952727983707,2.302585092994046,-2.0412203288596382,1.2970879642535837,-9.878283750084968,-5.678806488586024,10.0,0.0,0.0,0.0,0.0,0.0,0.0,1.0,0.0,0.0,0.0,0.0,0.0
3455,120,651,109.28571428571429,16,74,209.79437500000006,0.185,0.023,0.42857142857142855,34.877787851314594,3.551850175335576,27,0.225,0.011666666666666665,0.0037815126050420164,9.986347480168538e-05,0.6237429227655185,0.2640053334327867,0.733145003341286,0.29722182357745114,0.31517631738627383,0.6323814415712581,1.0,0.0,0.0,0.0,0.0,-6.7088687053134874,-3.705920919968788,6.478509642208569,4.30406509320417,4.787491742782046,2.772588722239781,3.295836866004329,-1.491654876777717,5.346127884353961,-9.211706556764923,-5.577631189329301,2.0,0.0,1.0,0.0,0.0,0.0,0.0,0.0,0.0,0.0,0.0,0.0,0.0
3459,150,599,243.14285714285714,42,141,17.926622222222218,0.019,0.301,0.24786324786324787,42.43508417508418,3.7479754770436666,80,0.5333333333333333,0.0409100529100529,0.0071588366890380315,0.00010490017967158638,-0.06574692169283865,-0.06876643400608892,-0.0029583198886468406,-0.05897704612266699,0.3363367586785032,0.48582250615801653,0.0,0.0,0.0,0.0,1.0,-6.766614835890894,-2.6575919798320813,6.395261598115449,4.948759890378168,5.0106352940962555,3.7376696182833684,4.382026634673881,-0.6286086594223742,2.88628688293314,-9.162501329774296,-4.939407784807888,5.0,0.0,0.0,0.0,1.0,0.0,0.0,0.0,0.0,0.0,0.0,0.0,0.0
3479,39,130,96.0,5,23,40.837606837606835,0.054000000000000006,0.55,0.47368421052631576,40.770012507817384,3.7079468236208473,1,0.02564102564102564,0.0,0.001349527665317139,3.369266100994206e-05,0.30230159240799176,0.2047903965676696,0.30230159240799176,0.2047903965676696,0.6390119676944196,0.9194909288609907,1.0,0.0,0.0,0.0,0.0,-6.618471925163382,-3.258096538021482,4.867534450455582,3.1354942159291497,3.6635616461296463,1.6094379124341003,0.0,-3.6635616461296463,3.7096033930879986,-10.298230518507895,-6.608000625296087,5.0,0.0,0.0,0.0,1.0,0.0,0.0,0.0,0.0,0.0,0.0,0.0,0.0
3654,148,286,205.57142857142858,93,79,18.427867056245436,0.981,0.009000000000000001,0.5119047619047619,23.248488664987406,3.1462401262640802,39,0.2635135135135135,0.018918918918918916,0.003585217870932157,0.00023103858499020426,-0.11370842944029025,-0.09285047565288983,0.11160542678004864,-0.027984093158774717,0.5434254841330864,0.8307302733666965,0.0,0.0,1.0,0.0,0.0,-5.790406338442914,-1.1233923176665968,5.655991810819852,4.3694478524670215,4.997212273764115,4.532599493153256,3.6635616461296463,-1.3336506276344688,2.9138640328217655,-8.372925826801575,-5.63093603385326,12.0,0.0,0.0,0.0,0.0,0.0,0.0,0.0,0.0,1.0,0.0,0.0,0.0
3659,82,149,63.0,8,72,3.4177572873289708,0.033,0.19899999999999998,0.4666666666666667,62.85008576329331,4.1407522996064206,14,0.17073170731707318,0.0,0.004215597711532671,6.77302768209856e-05,-0.3051917237916598,-0.329413806897272,-0.3061483720058048,-0.3396688964038007,0.2978443101708129,0.4182664717047596,1.0,0.0,0.0,0.0,0.0,-6.47041243197595,-2.9245047642656234,5.003946305945459,4.276666119016055,4.406719247264253,2.0794415416798357,2.6390573296152584,-1.7676619176489945,1.2289845720283998,-9.599977257620676,-5.468963891761488,24.0,0.0,0.0,0.0,0.0,0.0,0.0,0.0,0.0,0.0,0.0,0.0,1.0
3669,82,145,205.28571428571428,17,66,4.080458060678167,0.023,0.188,0.23333333333333334,28.085620197585072,3.335257708617022,23,0.2804878048780488,0.03832752613240418,0.006925624811803673,0.00022712763512258228,-0.30132076992280327,-0.3648709699813666,-0.49852274152659254,-0.37729894068939895,0.10366847893406406,0.30636329115672395,0.0,0.0,1.0,0.0,0.0,-6.897908640231749,-2.1435203983643585,4.976733742420574,4.189654742026425,4.406719247264253,2.833213344056216,3.1354942159291497,-1.2712250313351032,1.4062092518883513,-8.389998429234527,-4.972527005447597,5.0,0.0,0.0,0.0,1.0,0.0,0.0,0.0,0.0,0.0,0.0,0.0,0.0
3671,217,1018,246.71428571428572,60,209,10.50835651638387,0.192,0.131,0.3674698795180723,40.8640234948605,3.710250054802501,112,0.5161290322580645,0.03695378354364529,0.004778972520908004,0.0001743098416124199,-0.5487823227519104,-0.039579308556694795,-0.6916873084275208,-0.06813574261340302,0.24568944076072663,0.4686061689886041,0.0,0.0,0.0,0.0,1.0,-6.793783720409724,-2.8312506348883675,6.925595197110468,5.342334251964811,5.37989735354046,4.0943445622221,4.718498871295094,-0.661398482245365,2.3521707993390955,-8.654676143392495,-5.343529709369585,1.0,1.0,0.0,0.0,0.0,0.0,0.0,0.0,0.0,0.0,0.0,0.0,0.0
3677,56,323,147.14285714285714,26,45,145.60682397959187,0.015,0.725,0.48936170212765956,29.188111140796153,3.3737614736526047,21,0.375,0.04017857142857143,0.013636363636363637,0.0007939787485242031,0.10695356142329653,-0.04393518371834707,0.4526246617751508,0.004392751105057647,0.22696042894045199,0.5626418425630115,0.0,1.0,0.0,0.0,0.0,-5.758659084882035,-2.5195557852011743,5.777652323222656,3.8066624897703196,4.02535169073515,3.258096538021482,3.044522437723423,-0.9808292530117262,4.980910002656018,-7.138453862158197,-4.295015257684252,5.0,0.0,0.0,0.0,1.0,0.0,0.0,0.0,0.0,0.0,0.0,0.0,0.0
3725,78,70,104.14285714285714,2,37,1.681788297172913,0.031,0.171,0.581081081081081,130.8620519159456,4.874143729556666,5,0.0641025641025641,0.0,0.0016650016650016648,3.182520665038149e-05,0.14744273092717605,-0.03631297674133074,0.08903665980310668,-0.04038947339787857,0.6990461085474534,0.8223689686676061,1.0,0.0,0.0,0.0,0.0,-8.309325229082992,-3.5553480614894135,4.248495242049359,3.6109179126442243,4.356708826689592,0.6931471805599453,1.6094379124341003,-2.7472709142554916,0.5198576898794954,-10.355251920207039,-6.39792915554923,4.0,0.0,0.0,1.0,0.0,0.0,0.0,0.0,0.0,0.0,0.0,0.0,0.0
3730,14,22,200.42857142857142,2,10,5.244897959183672,0.059000000000000004,0.05,0.25,43.57793867120954,3.774551028517339,1,0.07142857142857142,0.0,0.01098901098901099,0.0007245501750996256,-0.14061024795535124,-0.08011300087710765,-0.14061024795535124,-0.08011300087710765,0.2492461603154545,0.4485237943877999,0.0,0.0,1.0,0.0,0.0,-7.246368080102461,-2.3978952727983707,3.091042453358316,2.302585092994046,2.6390573296152584,0.6931471805599453,0.0,-2.639057329615259,1.657255786784593,-7.229959543805645,-4.51085950651685,11.0,0.0,0.0,0.0,0.0,0.0,0.0,0.0,1.0,0.0,0.0,0.0,0.0
3762,47,51,180.71428571428572,9,17,6.4608420099592605,0.031,0.015,0.3333333333333333,33.00611587982833,3.496692873986822,4,0.0851063829787234,0.0,0.003700277520814061,6.674876193882903e-05,0.49411846185076846,0.21845411639321546,0.4941184618507685,0.21845411639321546,0.7776780746297899,0.9142818560746566,0.0,1.0,0.0,0.0,0.0,-6.849840276480147,-1.7346010553881064,3.9318256327243257,2.833213344056216,3.8501476017100584,2.1972245773362196,1.3862943611198906,-2.463853240590168,1.865759651399674,-9.614574808588825,-5.599347456519317,2.0,0.0,1.0,0.0,0.0,0.0,0.0,0.0,0.0,0.0,0.0,0.0,0.0
3836,64,59,111.42857142857143,2,37,2.322021484375,0.08,0.24,0.55,60.1929003021148,4.0975544101790575,17,0.265625,0.13194444444444445,0.008432539682539682,0.000692623692995717,-0.6281111460851592,-0.4542324623523543,-0.6453710527304988,-0.4542324623523543,0.1252308204354176,0.21565457610428035,0.0,1.0,0.0,0.0,0.0,-8.179119673428051,-3.3843902633457743,4.07753744390572,3.6109179126442243,4.1588830833596715,0.6931471805599453,2.833213344056216,-1.3256697393034558,0.8424381357630418,-7.275023717808727,-4.775657285135043,11.0,0.0,0.0,0.0,0.0,0.0,0.0,0.0,1.0,0.0,0.0,0.0,0.0
3905,96,335,226.28571428571428,49,81,19.916558159722225,0.012,0.8029999999999999,0.4857142857142857,28.313483850736908,3.343338152334398,14,0.14583333333333334,0.0,0.0030701754385964917,3.9050477069867654e-05,-0.022794305587877012,-0.14297676587515357,0.10194970932514086,-0.1266616986912182,0.5649314906265763,0.7916274951777077,0.0,0.0,0.0,1.0,0.0,-6.094326316676267,-1.9223102337144398,5.814130531825066,4.394449154672439,4.564348191467836,3.8918202981106265,2.6390573296152584,-1.9252908618525775,2.9915514540812502,-10.150655464855186,-5.786020572893173,5.0,0.0,0.0,0.0,1.0,0.0,0.0,0.0,0.0,0.0,0.0,0.0,0.0
3986,72,43,22.142857142857142,1,25,1.5183256172839512,0.021,0.47100000000000003,0.44285714285714284,29.155833333333334,3.3726550071273533,4,0.05555555555555555,0.0,0.001564945226917058,1.959242850600385e-05,0.24275277169414464,0.02874680608786439,0.24275277169414464,0.02874680608786439,0.6725544825061404,0.8627558362226277,1.0,0.0,0.0,0.0,0.0,-7.374181086879989,-3.7612001156935624,3.7612001156935624,3.2188758248682006,4.276666119016055,0.0,1.3862943611198906,-2.890371757896165,0.4176081601103399,-10.840367367075235,-6.459904454377535,10.0,0.0,0.0,0.0,0.0,0.0,0.0,1.0,0.0,0.0,0.0,0.0,0.0
4017,78,174,212.85714285714286,11,68,3.9723865877712043,0.34600000000000003,0.061,0.25806451612903225,58.020335820895525,4.060793566696079,4,0.05128205128205128,0.0,0.001332001332001332,1.984917069832155e-05,0.31782096426352857,0.1851424342024181,0.20698566835991222,0.17769915227720726,0.3423506043601326,0.24904394479279693,0.0,0.0,0.0,1.0,0.0,-7.319434803775413,-2.7611600264161584,5.159055299214529,4.219507705176107,4.356708826689592,2.3978952727983707,1.3862943611198906,-2.9704144655697013,1.3793670696873248,-10.827348330125906,-6.62107270686344,7.0,0.0,0.0,0.0,0.0,0.0,1.0,0.0,0.0,0.0,0.0,0.0,0.0
4018,94,209,205.57142857142858,6,93,1.322430964237211,0.126,0.20199999999999999,0.4177215189873418,29.74918414918415,3.3928017080587707,7,0.07446808510638298,0.0425531914893617,0.001601464195836193,4.41754348885756e-05,-0.5996007999434438,-0.2949600098899682,-0.5760349606684322,-0.2949600098899682,0.2580890265013461,0.3413660777718635,0.0,0.0,1.0,0.0,0.0,-8.077328870874004,-3.550574782736756,5.342334251964811,4.532599493153256,4.543294782270004,1.791759469228055,1.9459101490553132,-2.597384633214691,0.2794716824329502,-10.027341695130671,-6.436836945808001,1.0,1.0,0.0,0.0,0.0,0.0,0.0,0.0,0.0,0.0,0.0,0.0,0.0
4066,76,264,122.57142857142857,12,67,29.354570637119117,0.031,0.721,0.36666666666666664,26.03095859753823,3.2592865449721944,12,0.15789473684210525,0.027631578947368424,0.004210526315789474,0.00012730070791012617,-0.11587200511929525,-0.014744909324034213,0.4180879872080328,0.02102338336201087,0.5351226797363651,0.653169009764043,0.0,1.0,0.0,0.0,0.0,-6.65452064093098,-3.0910424533583156,5.575949103146316,4.204692619390966,4.330733340286331,2.4849066497880004,2.4849066497880004,-1.845826690498331,3.3794482628419553,-8.968958491457018,-5.470167623474696,5.0,0.0,0.0,0.0,1.0,0.0,0.0,0.0,0.0,0.0,0.0,0.0,0.0
4077,163,673,243.71428571428572,64,156,11.46192931612029,0.10800000000000001,0.183,0.32167832167832167,36.29299900695134,3.5916248578477163,34,0.2085889570552147,0.0,0.0025751723093236385,0.00011352449402176903,-0.041931324312186914,0.08220719071950482,-0.09377827595335793,0.09121317939082278,0.44259322017549596,0.5033296318874654,0.0,0.0,0.0,0.0,1.0,-6.430863696443402,-2.352862246285056,6.511745329644728,5.049856007249537,5.093750200806762,4.1588830833596715,3.5263605246161616,-1.567389676190601,2.439031049308951,-9.08349193796646,-5.96183883086304,1.0,1.0,0.0,0.0,0.0,0.0,0.0,0.0,0.0,0.0,0.0,0.0,0.0
4204,109,273,213.71428571428572,13,106,2.6903459304772324,0.055999999999999994,0.113,0.4731182795698925,46.25290933694181,3.8341243665625497,18,0.1651376146788991,0.022935779816513763,0.0030581039755351682,7.244913522287607e-05,-0.47393348627001575,-0.4976104347325108,-0.5049433980910035,-0.4957041126603056,0.6168791386031663,0.7122040120578988,0.0,0.0,0.0,1.0,0.0,-7.491038534246717,-3.044522437723423,5.60947179518496,4.663439094112067,4.6913478822291435,2.5649493574615367,2.8903717578961645,-1.800976124332979,0.989669784036066,-9.532625825461006,-5.7899601708972535,1.0,1.0,0.0,0.0,0.0,0.0,0.0,0.0,0.0,0.0,0.0,0.0,0.0
4216,170,360,209.42857142857142,46,148,2.8685121107266442,0.01,0.318,0.30714285714285716,34.80038759689923,3.5496285245603354,27,0.1588235294117647,0.03137254901960784,0.0018795683954054997,2.1182125939635783e-05,0.07119287761257236,-0.23843093851307276,-0.05629209706826599,-0.2427044389911873,0.6604491580783557,0.7424286386002412,0.0,0.0,0.0,1.0,0.0,-6.65153977395245,-2.0574626349610607,5.886104031450156,4.997212273764115,5.135798437050262,3.828641396489095,3.295836866004329,-1.8399615710459327,1.053793467022863,-10.762352847963465,-6.276713105409061,1.0,1.0,0.0,0.0,0.0,0.0,0.0,0.0,0.0,0.0,0.0,0.0,0.0
4246,17,36,62.57142857142857,7,12,4.692041522491349,0.02,0.025,0.35294117647058826,141.0779463243874,4.949312548445819,2,0.11764705882352941,0.0,0.014705882352941176,0.0011624134948096884,0.39552827740392477,0.1660672983412074,0.4955158178433466,0.1660672983412074,0.7843904275078297,0.8608049856196786,1.0,0.0,0.0,0.0,0.0,-5.023611956322036,-1.6376087894007967,3.58351893845611,2.4849066497880004,2.833213344056216,1.9459101490553132,0.6931471805599453,-2.1400661634962708,1.5458677803879086,-6.757256836338487,-4.219507705176107,11.0,0.0,0.0,0.0,0.0,0.0,0.0,0.0,1.0,0.0,0.0,0.0,0.0
4285,113,162,225.85714285714286,21,58,7.112851437074164,0.10800000000000001,0.27899999999999997,0.30434782608695654,51.357982631930525,3.9388203796369514,15,0.13274336283185842,0.0,0.002370417193426043,4.7997701704223056e-05,0.21149898223899352,-0.03669829049262539,0.12466875238087519,-0.04020670019770187,0.680005639781188,0.7967449497069148,0.0,0.0,0.0,1.0,0.0,-7.102768069143076,-2.043073897508961,5.087596335232384,4.060443010546419,4.727387818712341,3.044522437723423,2.70805020110221,-2.0193376176101303,1.9619032094196884,-9.944357429364743,-6.04468930834528,5.0,0.0,0.0,0.0,1.0,0.0,0.0,0.0,0.0,0.0,0.0,0.0,0.0
4299,50,118,96.28571428571429,7,45,2.6304000000000003,0.192,0.131,0.5208333333333334,40.8640234948605,3.710250054802501,6,0.12,0.0,0.004897959183673469,0.0001092877967513536,-0.03207434523854952,-0.026400596129879734,-0.08242504099676431,-0.03358461673788156,0.5194226927185407,0.5620352939387449,1.0,0.0,0.0,0.0,0.0,-6.5334328182298265,-2.8247744754103516,4.770684624465665,3.8066624897703196,3.912023005428146,1.9459101490553132,1.791759469228055,-2.120263536200091,0.9671359258797239,-9.121525818133456,-5.3189366537507725,1.0,1.0,0.0,0.0,0.0,0.0,0.0,0.0,0.0,0.0,0.0,0.0,0.0
4474,170,166,233.0,6,88,2.587681660899654,0.129,0.293,0.39375,43.091684997800265,3.76333005501266,3,0.01764705882352941,0.0,0.00020884093282283329,1.1921306294098382e-06,-0.1636734735895995,-0.2611903058083678,-0.1636734735895995,-0.2611903058083678,0.54186760852374,0.7891694441977507,0.0,0.0,0.0,0.0,1.0,-8.795077421387907,-3.3202283191284883,5.111987788356544,4.477336814478207,5.135798437050262,1.791759469228055,1.0986122886681098,-4.037186148382152,0.950762363238061,-13.639768406894417,-8.47393768274528,4.0,0.0,0.0,1.0,0.0,0.0,0.0,0.0,0.0,0.0,0.0,0.0,0.0
4542,26,57,85.85714285714286,7,20,7.309171597633134,0.33899999999999997,0.473,0.4166666666666667,28.94859574468085,3.3655216966138983,16,0.6153846153846154,0.13356643356643355,0.04923076923076923,0.008407100591715976,-0.3147812571869689,-0.1874374321496982,-0.4036585478020754,-0.1849600089443778,0.24090773320309308,0.3786116393069062,1.0,0.0,0.0,0.0,0.0,-5.764871174446063,-2.097141118779237,4.04305126783455,2.995732273553991,3.258096538021482,1.9459101490553132,2.772588722239781,-0.48550781578170077,1.9891299428027858,-4.778678621667305,-3.011236460089956,20.0,0.0,0.0,0.0,0.0,0.0,0.0,0.0,0.0,0.0,1.0,0.0,0.0
4564,28,41,109.0,16,14,11.677295918367346,0.038,0.866,0.36363636363636365,25.93870170015456,3.255736127526056,3,0.10714285714285714,0.0,0.007936507936507936,0.0005249013185521121,0.65562958082286,0.2450384860570331,0.7994005913535461,0.2450384860570331,0.40988988021353984,0.7098142194672514,1.0,0.0,0.0,0.0,0.0,-5.250963670164566,-0.9409833444645266,3.713572066704308,2.6390573296152584,3.332204510175204,2.772588722239781,1.0986122886681098,-2.2335922215070942,2.457646436758203,-7.552300277702865,-4.836281906951478,12.0,0.0,0.0,0.0,0.0,0.0,0.0,0.0,0.0,1.0,0.0,0.0,0.0
4567,470,782,224.28571428571428,43,453,7.406138524219103,0.222,0.495,0.5078651685393258,27.22846664338107,3.304262993803068,22,0.04680851063829787,0.003049645390070922,0.0001996098534682212,8.694080010879082e-07,0.2908647220464547,0.057422935329819694,0.5007552366441769,0.057823975809673946,0.1391414600403457,0.22353001816533302,0.0,0.0,0.0,1.0,0.0,-7.8044533282975825,-2.9006546248517484,6.661854740545311,6.115892125483034,6.152732694704104,3.7612001156935624,3.091042453358316,-3.0616902413457883,2.0023091866398977,-13.955453315434402,-8.519145829232123,10.0,0.0,0.0,0.0,0.0,0.0,0.0,1.0,0.0,0.0,0.0,0.0,0.0
